{
  "run_time": "2026-03-22 03:24:08",
  "strategy_desc": "",
  "symbols_total": 20,
  "symbols_ok": 20,
  "symbols_skipped": 0,
  "symbols_error": 0,
  "avg_win_rate": 0.49948466566113625,
  "avg_return_pct": 1.2026583333333332,
  "median_return_pct": 0.8897499999999999,
  "avg_drawdown_pct": 2.102883333333333,
  "avg_sharpe": -1.1410083333333334,
  "avg_calmar": 0.5813999999999999,
  "avg_profit_factor": 1.7468416666666668,
  "profitable_symbols": 10,
  "profitable_pct": 83.33333333333334,
  "best_symbol": "600887",
  "best_return": 6.1462,
  "worst_symbol": "600519",
  "worst_return": -0.7163,
  "avg_target_reached_pct": 20.097231200172377,
  "avg_hard_stop_pct": 34.837813330460385,
  "total_trades": 144,
  "elapsed_sec": 6.8
}