{
  "run_time": "2026-03-21 11:50:48",
  "strategy_desc": "capital=100,000 | stop=5% | kelly=on | trailing=on | trend_filter=on | max_hold=60d",
  "symbols_total": 20,
  "symbols_ok": 20,
  "symbols_skipped": 0,
  "symbols_error": 0,
  "avg_win_rate": 0.41351294903926483,
  "avg_return_pct": 2.32263391157894,
  "avg_drawdown_pct": 2.4232417812861056,
  "avg_sharpe": -1.3488316022308002,
  "avg_sortino": -1.7768263157894737,
  "avg_calmar": 0.580378947368421,
  "avg_profit_factor": 12.930756319620821,
  "median_return_pct": 2.269760349999968,
  "profitable_symbols": 15,
  "profitable_pct": 78.94736842105263,
  "best_symbol": "600887",
  "best_return": 8.412071979999993,
  "worst_symbol": "600276",
  "worst_return": -3.4077827700000487,
  "total_trades": 95,
  "avg_trades_per_symbol": 5.0,
  "entry_c_total": 52,
  "entry_2_total": 43,
  "entry_4_total": 0,
  "exit_stop_loss_pct": 58.94736842105262,
  "exit_trailing_pct": 5.263157894736842,
  "exit_time_pct": 35.78947368421053,
  "exit_target_pct": 0.0,
  "total_elapsed_sec": 60.2,
  "avg_elapsed_per_symbol": 3.01
}